{
  "version": 1,
  "author": "Anonymous maker",
  "editor": "wokwi",
  "parts": [
    { "type": "board-esp32-devkit-c-v4", "id": "esp", "top": 0, "left": -4.76, "attrs": {} },
    { "type": "wokwi-led", "id": "led1", "top": 44.4, "left": 167, "attrs": { "color": "red" } },
    {
      "type": "wokwi-resistor",
      "id": "r1",
      "top": 32.75,
      "left": 153.6,
      "attrs": { "value": "1000" }
    },
    {
      "type": "wokwi-led",
      "id": "led2",
      "top": 140.4,
      "left": 320.6,
      "attrs": { "color": "limegreen" }
    },
    {
      "type": "wokwi-led",
      "id": "led3",
      "top": 92.4,
      "left": 253.4,
      "attrs": { "color": "yellow" }
    },
    {
      "type": "wokwi-resistor",
      "id": "r2",
      "top": 42.35,
      "left": 307.2,
      "attrs": { "value": "1000" }
    },
    {
      "type": "wokwi-resistor",
      "id": "r3",
      "top": 71.15,
      "left": 240,
      "attrs": { "value": "1000" }
    }
  ],
  "connections": [
    [ "esp:TX", "$serialMonitor:RX", "", [] ],
    [ "esp:RX", "$serialMonitor:TX", "", [] ],
    [ "esp:GND.3", "led1:C", "black", [ "h0" ] ],
    [ "r1:1", "esp:23", "green", [ "v0", "h-48" ] ],
    [ "r1:2", "led1:A", "green", [ "v0" ] ],
    [ "r2:1", "esp:22", "green", [ "v0", "h-163.2" ] ],
    [ "esp:21", "r3:1", "green", [ "h158.44" ] ],
    [ "r2:2", "led2:A", "green", [ "h27.6", "v86.4" ] ],
    [ "led2:C", "esp:GND.3", "green", [ "h-143.6", "v0", "h-43.24" ] ],
    [ "led3:C", "esp:GND.3", "green", [ "h-172.4", "v-48" ] ],
    [ "r3:2", "led3:A", "green", [ "v57.6", "h-20.4" ] ]
  ],
  "dependencies": {}
}